{
    "bleu": {
        "bleu": 0.03735945336839925,
        "precisions": [
            0.21213596171006732,
            0.0409883480704074,
            0.01751578947368421,
            0.012790797493347068
        ],
        "brevity_penalty": 1.0,
        "length_ratio": 6.403636363636363,
        "translation_length": 12327,
        "reference_length": 1925
    },
    "rouge": {
        "rouge1": 0.18123508648451397,
        "rouge2": 0.04029024386798591,
        "rougeL": 0.14452970614811805,
        "rougeLsum": 0.14462904158879653
    },
    "meteor": {
        "meteor": 0.23450256325052593
    }
}