{
    "bleu": {
        "bleu": 0.05482056628037497,
        "precisions": [
            0.3245212917976565,
            0.09746012994683993,
            0.027344943476932476,
            0.010443037974683544
        ],
        "brevity_penalty": 1.0,
        "length_ratio": 3.6353246753246755,
        "translation_length": 6998,
        "reference_length": 1925
    },
    "rouge": {
        "rouge1": 0.28063358240253505,
        "rouge2": 0.10483846485952404,
        "rougeL": 0.23669150261804778,
        "rougeLsum": 0.23646618947495218
    },
    "meteor": {
        "meteor": 0.26876228529129287
    }
}