{
    "bleu": {
        "bleu": 0.05867973600075043,
        "precisions": [
            0.36873406966864913,
            0.13486842105263158,
            0.03995793901156677,
            0.0059665871121718375
        ],
        "brevity_penalty": 1.0,
        "length_ratio": 1.2228571428571429,
        "translation_length": 2354,
        "reference_length": 1925
    },
    "rouge": {
        "rouge1": 0.33313326872876436,
        "rouge2": 0.15459514927752677,
        "rougeL": 0.30847759103154404,
        "rougeLsum": 0.30751086503316144
    },
    "meteor": {
        "meteor": 0.24111964963062693
    }
}